devDependencies	packages/drivers/freshbooks/package.json	@beep/test-utils
exports	packages/drivers/box-provisioning/src/internal/canonical.ts	boxContentMigrationPlanDigest
exports	packages/drivers/box-provisioning/src/internal/canonical.ts	boxProvisioningPlanDigest
exports	packages/drivers/box-provisioning/src/internal/canonical.ts	canonicalBoxContentMigrationMap
exports	packages/drivers/box/src/internal/Box.runtime.ts	diagnosticsFor
exports	packages/drivers/occt/src/internal/shading.ts	lightFor
exports	packages/drivers/occt/src/internal/shading.ts	pitchFor
exports	packages/drivers/pdf-tools/src/internal/ppm.ts	parseP6Header
exports	packages/foundation/capability/colors/src/internal/ColorsSchema.ts	FormatterInput
exports	packages/tooling/library/ai-metrics/src/internal/transcript-utils.ts	repoPathToClaudeProjectName
exports	packages/tooling/library/codegen-kit/src/internal/transforms.ts	makeDistributeUnionSiblings
exports	packages/tooling/library/codegen-kit/src/internal/transforms.ts	makeFlattenAllOfRefVariants
exports	packages/tooling/library/codegen-kit/src/internal/transforms.ts	nullableTypeArray
exports	packages/tooling/library/codegen-kit/src/internal/transforms.ts	openObjects
exports	packages/tooling/library/codegen-kit/src/internal/transforms.ts	stripExamples
exports	packages/tooling/tool/cli/src/commands/Docgen/internal/quality/Quality.subjects.ts	PackageSubjectCandidateResult
exports	packages/tooling/tool/cli/src/commands/HarnessLedger/internal/LedgerChains.ts	supersededRowIds
exports	packages/tooling/tool/cli/src/commands/HarnessLedger/internal/LedgerFiles.ts	ledgerRowsDir
exports	packages/tooling/tool/cli/src/commands/Lint/internal/WorkspaceWalk.ts	ignoredDirectoryNames
exports	packages/tooling/tool/cli/src/commands/Quality/internal/QualityArtifactSupport.ts	expandWorkspacePattern
exports	packages/tooling/tool/cli/src/commands/Quality/internal/QualityArtifactSupport.ts	ignoredSourceSuffixes
exports	packages/tooling/tool/cli/src/commands/Quality/internal/QualityArtifactSupport.ts	readPackageJson
exports	packages/tooling/tool/cli/src/commands/Quality/internal/QualityArtifactSupport.ts	readRootPackage
exports	packages/tooling/tool/cli/src/commands/Quality/internal/QualityArtifactSupport.ts	readText
exports	packages/tooling/tool/cli/src/commands/Quality/internal/QualityArtifactSupport.ts	resolveEntryWithinRoot
exports	packages/tooling/tool/cli/src/commands/Quality/internal/QualityArtifactSupport.ts	sourceExtensions
exports	packages/tooling/tool/cli/src/commands/Quality/internal/QualityArtifactSupport.ts	workspacePatternsFrom
exports	packages/tooling/tool/cli/src/commands/Research/internal/BrowserHistory.ts	CHROME_EPOCH_OFFSET_SECONDS
exports	packages/tooling/tool/cli/src/commands/Research/internal/RepoCards.ts	remoteToHttpsUrl
exports	packages/tooling/tool/cli/src/commands/Research/internal/Timers.ts	RESEARCH_UNITS
exports	packages/tooling/tool/cli/src/commands/Research/internal/Vault.ts	parseCard
exports	packages/tooling/tool/cli/src/commands/Research/internal/Vault.ts	VAULT_ENV_VAR
exports	packages/tooling/tool/cli/src/commands/Yeet/internal/HeadInstallPreflight.ts	HEAD_INSTALL_PREFLIGHT_FAILURE_HINT
files	packages/drivers/govinfo/src/_generated/Govinfo.gen.ts	packages/drivers/govinfo/src/_generated/Govinfo.gen.ts
files	packages/foundation/primitive/data/src/internal/data/currency-codes.ts	packages/foundation/primitive/data/src/internal/data/currency-codes.ts
files	packages/foundation/primitive/data/src/internal/data/index.ts	packages/foundation/primitive/data/src/internal/data/index.ts
files	packages/foundation/primitive/data/src/internal/data/timezones.ts	packages/foundation/primitive/data/src/internal/data/timezones.ts
files	packages/foundation/primitive/data/src/internal/index.ts	packages/foundation/primitive/data/src/internal/index.ts
types	packages/drivers/wink/src/internal/bm25.ts	BM25Accessor
types	packages/tooling/library/codegen-kit/src/internal/format.ts	Formatter
unresolved	packages/drivers/freshbooks/tsconfig.test.json	bun-types
